impl,func,dim,pop,run,time,fitness,efv
cpu,1,10,50,0,0.023087,-330.000000,1.0042430253e-05
cpu,1,10,50,1,0.023610,-330.000000,5.7628887831e-06
cpu,1,10,50,2,0.023980,-330.000000,1.1953393548e-05
cpu,1,10,50,3,0.024592,-330.000000,1.1007191965e-05
cpu,1,10,50,4,0.026254,-330.000000,1.2000124212e-05
cpu,1,10,50,5,0.025524,-330.000000,6.5656416837e-06
cpu,1,10,50,6,0.025578,-330.000000,6.9824671023e-06
cpu,1,10,50,7,0.025090,-330.000000,1.2710990694e-05
cpu,1,10,50,8,0.023310,-330.000000,1.2084950086e-05
cpu,1,10,50,9,0.023008,-330.000000,6.2359945847e-06
cpu,1,10,100,0,0.023555,-330.000000,8.5610773581e-06
cpu,1,10,100,1,0.024547,-330.000000,1.4577837749e-05
cpu,1,10,100,2,0.023307,-330.000000,1.2359613917e-05
cpu,1,10,100,3,0.023372,-330.000000,5.0099694615e-06
cpu,1,10,100,4,0.023584,-330.000000,1.1101669665e-05
cpu,1,10,100,5,0.022712,-330.000000,1.4244521410e-05
cpu,1,10,100,6,0.022744,-330.000000,1.0972860686e-05
cpu,1,10,100,7,0.022367,-330.000000,1.4233055484e-05
cpu,1,10,100,8,0.022256,-330.000000,8.9749246737e-06
cpu,1,10,100,9,0.023148,-330.000000,5.1859716237e-06
cpu,1,10,500,0,0.028486,-323.416504,6.5834796804e+00
cpu,1,10,500,1,0.028677,-325.409637,4.5903544474e+00
cpu,1,10,500,2,0.028712,-324.955597,5.0444117327e+00
cpu,1,10,500,3,0.030350,-322.625488,7.3745043304e+00
cpu,1,10,500,4,0.031931,-324.672546,5.3274508857e+00
cpu,1,10,500,5,0.030956,-324.511627,5.4883741141e+00
cpu,1,10,500,6,0.025345,-323.314026,6.6859759125e+00
cpu,1,10,500,7,0.024984,-323.990356,6.0096500020e+00
cpu,1,10,500,8,0.024452,-324.758820,5.2411911941e+00
cpu,1,10,500,9,0.023981,-322.643097,7.3569041885e+00
cpu,1,50,50,0,0.541133,-173.059418,1.5694058642e+02
cpu,1,50,50,1,0.570718,-182.335678,1.4766434237e+02
cpu,1,50,50,2,0.575319,-173.017838,1.5698213671e+02
cpu,1,50,50,3,0.574012,-180.985382,1.4901464396e+02
cpu,1,50,50,4,0.568271,-175.217331,1.5478268739e+02
cpu,1,50,50,5,0.565507,-165.619904,1.6438008300e+02
cpu,1,50,50,6,0.556233,-194.603638,1.3539635832e+02
cpu,1,50,50,7,0.553631,-193.640991,1.3635899804e+02
cpu,1,50,50,8,0.550299,-176.382141,1.5361784611e+02
cpu,1,50,50,9,0.554438,-186.559723,1.4344029195e+02
cpu,1,50,100,0,0.577331,-158.717850,1.7128216247e+02
cpu,1,50,100,1,0.561859,-152.798370,1.7720164197e+02
cpu,1,50,100,2,0.549855,-178.468414,1.5153158639e+02
cpu,1,50,100,3,0.574060,-170.195694,1.5980429215e+02
cpu,1,50,100,4,0.605671,-143.108231,1.8689173730e+02
cpu,1,50,100,5,0.572773,-170.705246,1.5929475810e+02
cpu,1,50,100,6,0.621679,-150.820053,1.7917996305e+02
cpu,1,50,100,7,0.570372,-152.499252,1.7750074687e+02
cpu,1,50,100,8,0.530877,-150.840469,1.7915954201e+02
cpu,1,50,100,9,0.564792,-155.334793,1.7466522264e+02
cpu,1,50,500,0,0.566733,-109.757248,2.2024277426e+02
cpu,1,50,500,1,0.557286,-86.568481,2.4343153478e+02
cpu,1,50,500,2,0.547520,-93.231110,2.3676891083e+02
cpu,1,50,500,3,0.549615,-92.167679,2.3783232680e+02
cpu,1,50,500,4,0.552667,-96.649109,2.3335088284e+02
cpu,1,50,500,5,0.571633,-93.645264,2.3635474044e+02
cpu,1,50,500,6,0.558317,-107.401276,2.2259876480e+02
cpu,1,50,500,7,0.559233,-87.602448,2.4239754337e+02
cpu,1,50,500,8,0.563449,-87.084976,2.4291498279e+02
cpu,1,50,500,9,0.579703,-97.845520,2.3215448955e+02
cpu,1,100,50,0,2.274502,228.583496,5.5858357435e+02
cpu,1,100,50,1,2.312028,197.070312,5.2707017989e+02
cpu,1,100,50,2,2.271322,205.951477,5.3595130744e+02
cpu,1,100,50,3,2.246315,225.752747,5.5575277796e+02
cpu,1,100,50,4,2.294958,222.513794,5.5251365887e+02
cpu,1,100,50,5,2.357011,213.605103,5.4360507793e+02
cpu,1,100,50,6,2.353819,220.111755,5.5011169642e+02
cpu,1,100,50,7,2.275882,226.484741,5.5648475211e+02
cpu,1,100,50,8,2.248502,244.314209,5.7431421314e+02
cpu,1,100,50,9,2.375233,206.717957,5.3671796533e+02
cpu,1,100,100,0,2.576186,257.028687,5.8702888159e+02
cpu,1,100,100,1,2.486128,276.108337,6.0610839631e+02
cpu,1,100,100,2,2.443867,257.297729,5.8729787354e+02
cpu,1,100,100,3,2.507335,281.741150,6.1174109539e+02
cpu,1,100,100,4,2.397988,265.098145,5.9509834238e+02
cpu,1,100,100,5,2.579163,272.877319,6.0287725624e+02
cpu,1,100,100,6,2.555900,283.297791,6.1329767163e+02
cpu,1,100,100,7,2.329033,260.774414,5.9077433143e+02
cpu,1,100,100,8,2.310682,260.351501,5.9035163407e+02
cpu,1,100,100,9,2.324280,277.549927,6.0755009970e+02
cpu,1,100,500,0,2.267080,392.895691,7.2289549984e+02
cpu,1,100,500,1,2.320810,391.680725,7.2168084922e+02
cpu,1,100,500,2,2.300042,361.588196,6.9158806695e+02
cpu,1,100,500,3,2.263470,407.632690,7.3763276305e+02
cpu,1,100,500,4,2.185190,387.266418,7.1726656121e+02
cpu,1,100,500,5,2.199824,390.147095,7.2014711052e+02
cpu,1,100,500,6,2.220572,391.196838,7.2119663924e+02
cpu,1,100,500,7,2.191277,379.471497,7.0947160503e+02
cpu,1,100,500,8,2.542634,379.932007,7.0993189836e+02
cpu,1,100,500,9,2.519220,381.569824,7.1156981502e+02
cpu,2,10,50,0,0.021241,393.379028,3.3790364803e+00
cpu,2,10,50,1,0.022818,392.937317,2.9373112785e+00
cpu,2,10,50,2,0.021718,395.022858,5.0228426786e+00
cpu,2,10,50,3,0.018792,391.583710,1.5837040964e+00
cpu,2,10,50,4,0.021225,390.707703,7.0768923445e-01
cpu,2,10,50,5,0.023162,392.898102,2.8980953413e+00
cpu,2,10,50,6,0.018262,393.575195,3.5751931709e+00
cpu,2,10,50,7,0.021141,393.654419,3.6544261693e+00
cpu,2,10,50,8,0.019631,390.694855,6.9486129614e-01
cpu,2,10,50,9,0.020874,394.611145,4.6111491149e+00
cpu,2,10,100,0,0.018872,394.301727,4.3017365967e+00
cpu,2,10,100,1,0.019555,394.179047,4.1790567796e+00
cpu,2,10,100,2,0.021350,395.139526,5.1395125139e+00
cpu,2,10,100,3,0.022120,394.162109,4.1621006922e+00
cpu,2,10,100,4,0.018711,394.385071,4.3850579585e+00
cpu,2,10,100,5,0.019951,394.659668,4.6596568457e+00
cpu,2,10,100,6,0.019518,394.526184,4.5261901118e+00
cpu,2,10,100,7,0.026719,394.408630,4.4086365679e+00
cpu,2,10,100,8,0.020260,394.364166,4.3641513206e+00
cpu,2,10,100,9,0.019239,394.360291,4.3602930213e+00
cpu,2,10,500,0,0.019909,397.535950,7.5359583210e+00
cpu,2,10,500,1,0.021548,396.678284,6.6782817964e+00
cpu,2,10,500,2,0.020011,397.820770,7.8207600684e+00
cpu,2,10,500,3,0.019283,397.618408,7.6184215095e+00
cpu,2,10,500,4,0.020302,396.859924,6.8599334590e+00
cpu,2,10,500,5,0.020842,396.628723,6.6287299691e+00
cpu,2,10,500,6,0.019265,397.463074,7.4630860230e+00
cpu,2,10,500,7,0.021501,398.578644,8.5786520941e+00
cpu,2,10,500,8,0.020318,397.638947,7.6389373391e+00
cpu,2,10,500,9,0.019055,397.828552,7.8285406798e+00
cpu,2,50,50,0,0.430147,427.832672,3.7832677993e+01
cpu,2,50,50,1,0.425554,427.823334,3.7823339038e+01
cpu,2,50,50,2,0.430095,429.679535,3.9679518346e+01
cpu,2,50,50,3,0.483499,429.783508,3.9783494737e+01
cpu,2,50,50,4,0.422982,427.608582,3.7608561911e+01
cpu,2,50,50,5,0.483268,428.353210,3.8353217822e+01
cpu,2,50,50,6,0.416694,429.661865,3.9661863912e+01
cpu,2,50,50,7,0.420278,426.935638,3.6935646913e+01
cpu,2,50,50,8,0.421620,428.738037,3.8738036048e+01
cpu,2,50,50,9,0.432630,426.598145,3.6598144555e+01
cpu,2,50,100,0,0.442759,430.637878,4.0637894153e+01
cpu,2,50,100,1,0.432636,430.029358,4.0029377155e+01
cpu,2,50,100,2,0.396628,431.635132,4.1635139682e+01
cpu,2,50,100,3,0.376970,430.108765,4.0108774080e+01
cpu,2,50,100,4,0.378531,431.538361,4.1538346004e+01
cpu,2,50,100,5,0.389585,429.870667,3.9870680255e+01
cpu,2,50,100,6,0.382693,431.781067,4.1781091604e+01
cpu,2,50,100,7,0.393057,430.444641,4.0444634901e+01
cpu,2,50,100,8,0.391222,430.996460,4.0996442983e+01
cpu,2,50,100,9,0.384453,430.405334,4.0405341845e+01
cpu,2,50,500,0,0.385380,437.568024,4.7568025678e+01
cpu,2,50,500,1,0.405561,436.996948,4.6996936604e+01
cpu,2,50,500,2,0.412291,437.179993,4.7179987902e+01
cpu,2,50,500,3,0.430235,437.253723,4.7253717775e+01
cpu,2,50,500,4,0.394868,436.551270,4.6551253651e+01
cpu,2,50,500,5,0.389991,437.264099,4.7264107263e+01
cpu,2,50,500,6,0.370340,437.122437,4.7122442377e+01
cpu,2,50,500,7,0.372338,437.469421,4.7469405825e+01
cpu,2,50,500,8,0.371616,436.984161,4.6984167129e+01
cpu,2,50,500,9,0.433735,436.901947,4.6901937370e+01
cpu,2,100,50,0,1.529684,476.447876,8.6447873699e+01
cpu,2,100,50,1,1.612069,473.197632,8.3197651154e+01
cpu,2,100,50,2,1.571852,474.231781,8.4231777004e+01
cpu,2,100,50,3,1.499798,475.132263,8.5132296160e+01
cpu,2,100,50,4,1.664805,473.094604,8.3094613877e+01
cpu,2,100,50,5,1.578497,470.258850,8.0258836872e+01
cpu,2,100,50,6,1.543927,475.383270,8.5383267612e+01
cpu,2,100,50,7,1.497248,471.686523,8.1686508045e+01
cpu,2,100,50,8,1.555412,471.467865,8.1467869076e+01
cpu,2,100,50,9,1.572829,476.080292,8.6080294613e+01
cpu,2,100,100,0,1.682895,478.655212,8.8655204310e+01
cpu,2,100,100,1,1.695048,478.335754,8.8335780575e+01
cpu,2,100,100,2,1.716931,479.089996,8.9089983421e+01
cpu,2,100,100,3,1.820300,478.590759,8.8590746773e+01
cpu,2,100,100,4,1.584211,478.422424,8.8422428631e+01
cpu,2,100,100,5,1.687386,478.608643,8.8608642648e+01
cpu,2,100,100,6,1.621962,478.189087,8.8189090734e+01
cpu,2,100,100,7,1.564908,478.139893,8.8139900211e+01
cpu,2,100,100,8,1.585474,478.198761,8.8198768618e+01
cpu,2,100,100,9,1.621110,478.414734,8.8414739797e+01
cpu,2,100,500,0,1.590849,711.002625,3.2100267980e+02
cpu,2,100,500,1,1.600356,707.897461,3.1789756035e+02
cpu,2,100,500,2,1.670540,699.726807,3.0972673982e+02
cpu,2,100,500,3,1.699961,751.394409,3.6139447121e+02
cpu,2,100,500,4,1.671859,674.777832,2.8477784875e+02
cpu,2,100,500,5,1.686213,670.441040,2.8044106566e+02
cpu,2,100,500,6,1.625406,677.843567,2.8784358270e+02
cpu,2,100,500,7,1.563443,717.397949,3.2739788969e+02
cpu,2,100,500,8,1.562252,732.370300,3.4237035649e+02
cpu,2,100,500,9,1.743811,744.835205,3.5483521979e+02
cpu,3,10,50,0,0.049993,-180.000000,6.8345043194e-06
cpu,3,10,50,1,0.052672,-180.000000,6.4669101207e-06
cpu,3,10,50,2,0.046149,-180.000000,5.6396847158e-06
cpu,3,10,50,3,0.046702,-180.000000,4.1777350385e-06
cpu,3,10,50,4,0.048788,-180.000000,5.8752787948e-06
cpu,3,10,50,5,0.053670,-180.000000,5.6149687953e-06
cpu,3,10,50,6,0.050281,-180.000000,4.0935497349e-06
cpu,3,10,50,7,0.046956,-180.000000,4.7111195532e-06
cpu,3,10,50,8,0.047601,-180.000000,4.4880977081e-06
cpu,3,10,50,9,0.050200,-180.000000,4.3319284651e-06
cpu,3,10,100,0,0.047768,-180.000000,6.9963615019e-06
cpu,3,10,100,1,0.054630,-180.000000,4.5346176365e-06
cpu,3,10,100,2,0.057967,-180.000000,4.3251432296e-06
cpu,3,10,100,3,0.054635,-180.000000,6.5833339730e-06
cpu,3,10,100,4,0.045850,-180.000000,6.0098931396e-06
cpu,3,10,100,5,0.045599,-180.000000,5.9006220783e-06
cpu,3,10,100,6,0.045742,-180.000000,4.5023170742e-06
cpu,3,10,100,7,0.047780,-180.000000,4.8077805457e-06
cpu,3,10,100,8,0.064614,-180.000000,5.6394542987e-06
cpu,3,10,100,9,0.059943,-180.000000,7.2503146150e-06
cpu,3,10,500,0,0.066292,-179.999710,2.8360067511e-04
cpu,3,10,500,1,0.052530,-179.999466,5.3394016510e-04
cpu,3,10,500,2,0.057052,-179.999481,5.1229815724e-04
cpu,3,10,500,3,0.059223,-179.999542,4.5161240544e-04
cpu,3,10,500,4,0.051451,-179.999817,1.8762079246e-04
cpu,3,10,500,5,0.047373,-179.999481,5.2177249326e-04
cpu,3,10,500,6,0.047856,-179.999710,2.9265301256e-04
cpu,3,10,500,7,0.047546,-179.999664,3.3871935999e-04
cpu,3,10,500,8,0.047410,-179.999527,4.6984533566e-04
cpu,3,10,500,9,0.049579,-179.999664,3.3375263483e-04
cpu,3,50,50,0,1.019583,-179.999985,2.2731331122e-05
cpu,3,50,50,1,1.003488,-179.999985,1.8992694033e-05
cpu,3,50,50,2,0.992603,-179.999985,2.1746063147e-05
cpu,3,50,50,3,0.985159,-179.999985,1.8768131011e-05
cpu,3,50,50,4,1.000046,-179.999985,2.1070069999e-05
cpu,3,50,50,5,1.035363,-179.999985,2.2613745933e-05
cpu,3,50,50,6,1.051536,-179.999985,2.2029068861e-05
cpu,3,50,50,7,1.089713,-179.999985,2.1146526665e-05
cpu,3,50,50,8,1.080956,-179.999985,1.8038384377e-05
cpu,3,50,50,9,1.002585,-179.999985,2.2869199467e-05
cpu,3,50,100,0,0.988980,-180.000000,7.2948520087e-06
cpu,3,50,100,1,1.041617,-179.999985,2.2444112799e-05
cpu,3,50,100,2,1.042274,-179.999985,1.9534197454e-05
cpu,3,50,100,3,1.133302,-179.999985,2.2763406611e-05
cpu,3,50,100,4,1.029640,-179.999985,2.0612615852e-05
cpu,3,50,100,5,0.999909,-179.999985,2.2614050033e-05
cpu,3,50,100,6,1.023985,-179.999985,2.1561807098e-05
cpu,3,50,100,7,0.977023,-179.999985,2.1715076862e-05
cpu,3,50,100,8,1.010271,-179.999985,2.2722602737e-05
cpu,3,50,100,9,0.993585,-179.999985,1.9385056094e-05
cpu,3,50,500,0,1.040789,-179.999985,2.1543982378e-05
cpu,3,50,500,1,0.988595,-179.999985,2.2636924647e-05
cpu,3,50,500,2,1.022927,-179.999985,2.0188960261e-05
cpu,3,50,500,3,1.053823,-179.999985,2.2578161557e-05
cpu,3,50,500,4,1.069899,-179.999985,1.6670603278e-05
cpu,3,50,500,5,1.053929,-179.999985,1.7943157944e-05
cpu,3,50,500,6,1.044943,-179.999985,1.9874251264e-05
cpu,3,50,500,7,1.040823,-179.999985,2.2132654187e-05
cpu,3,50,500,8,0.975998,-179.999985,2.2742208470e-05
cpu,3,50,500,9,1.052588,-179.999985,1.9484939250e-05
cpu,3,100,50,0,4.138879,-179.999985,2.2784508046e-05
cpu,3,100,50,1,3.943712,-179.999985,2.2625482909e-05
cpu,3,100,50,2,4.297266,-179.999985,2.3404125849e-05
cpu,3,100,50,3,3.993383,-179.999985,2.0293008688e-05
cpu,3,100,50,4,4.022415,-179.999985,1.9824896359e-05
cpu,3,100,50,5,4.138133,-179.999985,2.2361004944e-05
cpu,3,100,50,6,4.198451,-179.999985,1.8729295571e-05
cpu,3,100,50,7,3.992579,-179.999985,2.0314118218e-05
cpu,3,100,50,8,4.359582,-179.999985,2.2495345227e-05
cpu,3,100,50,9,4.343215,-179.999985,2.2983146312e-05
cpu,3,100,100,0,4.031935,-179.999985,2.1865565166e-05
cpu,3,100,100,1,4.178258,-179.999985,2.2929860597e-05
cpu,3,100,100,2,4.139402,-179.999985,2.2530097155e-05
cpu,3,100,100,3,4.094145,-179.999985,2.1870225789e-05
cpu,3,100,100,4,4.159665,-179.999985,2.3068685426e-05
cpu,3,100,100,5,4.426794,-179.999985,2.2809500736e-05
cpu,3,100,100,6,4.102274,-179.999985,2.2604755935e-05
cpu,3,100,100,7,4.182277,-179.999985,2.3017735723e-05
cpu,3,100,100,8,4.339300,-179.999985,2.2318941550e-05
cpu,3,100,100,9,4.178500,-179.999985,2.2730247153e-05
cpu,3,100,500,0,4.244992,-179.999969,3.7368428118e-05
cpu,3,100,500,1,4.320266,-179.999954,5.2040345760e-05
cpu,3,100,500,2,4.187364,-179.999954,5.2821157434e-05
cpu,3,100,500,3,4.345405,-179.999969,3.7673649798e-05
cpu,3,100,500,4,4.076161,-179.999954,5.3346895454e-05
cpu,3,100,500,5,4.443585,-179.999954,5.2641503485e-05
cpu,3,100,500,6,4.557173,-179.999969,3.7515578055e-05
cpu,3,100,500,7,4.256378,-179.999969,3.7745543031e-05
cpu,3,100,500,8,4.137755,-179.999969,3.8276815966e-05
cpu,3,100,500,9,4.171516,-179.999954,5.3166038094e-05
cpu,4,10,50,0,0.017917,-450.000000,9.3250557206e-06
cpu,4,10,50,1,0.018109,-450.000000,1.3009768384e-05
cpu,4,10,50,2,0.017817,-450.000000,1.3010516444e-05
cpu,4,10,50,3,0.018596,-450.000000,1.1735482386e-05
cpu,4,10,50,4,0.019217,-450.000000,8.3401785468e-06
cpu,4,10,50,5,0.019433,-450.000000,6.4343436855e-06
cpu,4,10,50,6,0.019166,-450.000000,6.7561907326e-06
cpu,4,10,50,7,0.019508,-450.000000,1.3416561922e-05
cpu,4,10,50,8,0.019581,-450.000000,1.0879432471e-05
cpu,4,10,50,9,0.019349,-450.000000,1.1159818440e-05
cpu,4,10,100,0,0.019298,-450.000000,9.6622085031e-06
cpu,4,10,100,1,0.017948,-450.000000,1.2495623084e-05
cpu,4,10,100,2,0.020505,-450.000000,5.9493794000e-06
cpu,4,10,100,3,0.017743,-450.000000,6.7903890935e-06
cpu,4,10,100,4,0.019736,-450.000000,4.5215278413e-06
cpu,4,10,100,5,0.019010,-450.000000,1.4049318404e-05
cpu,4,10,100,6,0.017841,-450.000000,1.3256612696e-05
cpu,4,10,100,7,0.019168,-450.000000,1.1462073423e-05
cpu,4,10,100,8,0.018039,-450.000000,1.0680977586e-05
cpu,4,10,100,9,0.020523,-450.000000,1.1930515683e-05
cpu,4,10,500,0,0.018619,-450.000000,1.0572637825e-05
cpu,4,10,500,1,0.018779,-450.000000,8.8011338792e-06
cpu,4,10,500,2,0.020576,-450.000000,1.0230626030e-05
cpu,4,10,500,3,0.019586,-450.000000,1.2763474072e-05
cpu,4,10,500,4,0.019670,-450.000000,1.4838511758e-05
cpu,4,10,500,5,0.020532,-450.000000,1.4275785257e-05
cpu,4,10,500,6,0.018328,-450.000000,1.4227397035e-05
cpu,4,10,500,7,0.019751,-450.000000,7.6959328148e-06
cpu,4,10,500,8,0.018549,-450.000000,1.3350624559e-05
cpu,4,10,500,9,0.018926,-450.000000,1.4871595326e-05
cpu,4,50,50,0,0.382825,-449.999969,4.5379721213e-05
cpu,4,50,50,1,0.401344,-449.999969,4.3324133923e-05
cpu,4,50,50,2,0.373142,-450.000000,1.4392520665e-05
cpu,4,50,50,3,0.379179,-449.999969,3.9833110038e-05
cpu,4,50,50,4,0.383258,-449.999969,4.1688259629e-05
cpu,4,50,50,5,0.381593,-449.999969,4.1173619008e-05
cpu,4,50,50,6,0.385984,-449.999969,4.4759419196e-05
cpu,4,50,50,7,0.386472,-449.999969,4.3971045878e-05
cpu,4,50,50,8,0.501903,-450.000000,1.4814583758e-05
cpu,4,50,50,9,0.395522,-449.999969,4.5663496981e-05
cpu,4,50,100,0,0.398385,-449.999969,4.4657762982e-05
cpu,4,50,100,1,0.393085,-449.999969,4.2341580300e-05
cpu,4,50,100,2,0.377352,-449.999969,4.2574242233e-05
cpu,4,50,100,3,0.370002,-449.999969,4.3340832659e-05
cpu,4,50,100,4,0.368552,-449.999969,3.9233672947e-05
cpu,4,50,100,5,0.477221,-449.999969,3.8175623710e-05
cpu,4,50,100,6,0.386593,-449.999969,4.3895050459e-05
cpu,4,50,100,7,0.434755,-449.999969,4.4571729361e-05
cpu,4,50,100,8,0.440472,-449.999969,4.0843453872e-05
cpu,4,50,100,9,0.380864,-449.999969,4.0192377579e-05
cpu,4,50,500,0,0.397577,-449.999969,4.5438968669e-05
cpu,4,50,500,1,0.405814,-449.999969,4.4755533867e-05
cpu,4,50,500,2,0.397176,-449.999969,4.4679051334e-05
cpu,4,50,500,3,0.408178,-449.999969,4.4376820976e-05
cpu,4,50,500,4,0.400351,-449.999969,4.4551361441e-05
cpu,4,50,500,5,0.397125,-449.999969,4.1932223294e-05
cpu,4,50,500,6,0.393913,-449.999969,4.3780417206e-05
cpu,4,50,500,7,0.372032,-449.999969,4.2643532236e-05
cpu,4,50,500,8,0.386884,-449.999969,4.5293319150e-05
cpu,4,50,500,9,0.370818,-449.999969,3.5768576087e-05
cpu,4,100,50,0,1.547581,-449.999969,4.4813809438e-05
cpu,4,100,50,1,1.545857,-449.999969,4.3254730022e-05
cpu,4,100,50,2,1.579974,-449.999969,4.3859786601e-05
cpu,4,100,50,3,1.557976,-449.999969,4.5470385644e-05
cpu,4,100,50,4,1.570370,-449.999969,4.2363358933e-05
cpu,4,100,50,5,1.495075,-449.999969,4.3154108734e-05
cpu,4,100,50,6,1.475393,-449.999969,4.4029497818e-05
cpu,4,100,50,7,1.481069,-449.999969,4.5746522170e-05
cpu,4,100,50,8,1.508002,-449.999969,4.2736128999e-05
cpu,4,100,50,9,1.503331,-449.999969,4.0453468258e-05
cpu,4,100,100,0,1.758618,-449.999969,4.4070278806e-05
cpu,4,100,100,1,1.656588,-449.999969,4.5768693172e-05
cpu,4,100,100,2,1.484470,-449.999939,7.5650132535e-05
cpu,4,100,100,3,1.513324,-449.999969,4.2704681252e-05
cpu,4,100,100,4,1.584384,-449.999969,4.4243048527e-05
cpu,4,100,100,5,1.633021,-449.999969,4.1196659409e-05
cpu,4,100,100,6,1.673945,-449.999969,4.5244261564e-05
cpu,4,100,100,7,1.725251,-449.999969,4.5067670402e-05
cpu,4,100,100,8,1.795246,-449.999969,4.5666378000e-05
cpu,4,100,100,9,1.659294,-449.999969,4.4655945891e-05
cpu,4,100,500,0,1.633179,-449.999573,4.3850863544e-04
cpu,4,100,500,1,1.629904,-449.999451,5.6406753453e-04
cpu,4,100,500,2,1.655499,-449.999512,4.9664867386e-04
cpu,4,100,500,3,1.633378,-449.999512,4.9075631254e-04
cpu,4,100,500,4,1.627132,-449.999542,4.6806166360e-04
cpu,4,100,500,5,1.583619,-449.999481,5.2531613114e-04
cpu,4,100,500,6,1.587069,-449.999481,5.2698125367e-04
cpu,4,100,500,7,1.504642,-449.999573,4.2717891752e-04
cpu,4,100,500,8,1.515436,-449.999420,5.7091231504e-04
cpu,4,100,500,9,1.547320,-449.999481,5.3216925182e-04
gpu,1,10,50,0,0.015011,-330.000000,1.3662590506e-05
gpu,1,10,50,1,0.014625,-330.000000,1.0392441641e-05
gpu,1,10,50,2,0.014612,-330.000000,1.2197172408e-05
gpu,1,10,50,3,0.014636,-330.000000,1.0107807135e-05
gpu,1,10,50,4,0.014653,-330.000000,1.1449311456e-05
gpu,1,10,50,5,0.015988,-330.000000,1.0170312507e-05
gpu,1,10,50,6,0.015024,-330.000000,1.2103766231e-05
gpu,1,10,50,7,0.015218,-330.000000,7.5902860299e-06
gpu,1,10,50,8,0.014740,-330.000000,7.3689413700e-06
gpu,1,10,50,9,0.017221,-330.000000,1.2825347541e-05
gpu,1,10,100,0,0.005814,-330.000000,1.3876644099e-05
gpu,1,10,100,1,0.005937,-330.000000,8.6377959132e-06
gpu,1,10,100,2,0.005778,-330.000000,8.3498007264e-06
gpu,1,10,100,3,0.005731,-330.000000,1.1046148716e-05
gpu,1,10,100,4,0.005738,-330.000000,5.4722278993e-06
gpu,1,10,100,5,0.005746,-330.000000,8.4166581011e-06
gpu,1,10,100,6,0.005740,-330.000000,1.0730240250e-05
gpu,1,10,100,7,0.005949,-330.000000,9.8415608729e-06
gpu,1,10,100,8,0.005771,-330.000000,1.4075327739e-05
gpu,1,10,100,9,0.005759,-329.999969,1.5145410114e-05
gpu,1,10,500,0,0.001559,-323.854279,6.1457145518e+00
gpu,1,10,500,1,0.001543,-324.153717,5.8462714596e+00
gpu,1,10,500,2,0.001581,-324.743011,5.2569863047e+00
gpu,1,10,500,3,0.001548,-322.827911,7.1720936176e+00
gpu,1,10,500,4,0.001545,-325.467468,4.5325370396e+00
gpu,1,10,500,5,0.001659,-323.052551,6.9474629174e+00
gpu,1,10,500,6,0.001627,-325.785339,4.2146494591e+00
gpu,1,10,500,7,0.001540,-325.882660,4.1173481275e+00
gpu,1,10,500,8,0.001538,-323.383728,6.6162618914e+00
gpu,1,10,500,9,0.001546,-323.534607,6.4653796462e+00
gpu,1,50,50,0,0.241430,-188.580963,1.4141902707e+02
gpu,1,50,50,1,0.236036,-196.642654,1.3335734041e+02
gpu,1,50,50,2,0.240481,-179.727203,1.5027280873e+02
gpu,1,50,50,3,0.262694,-169.946640,1.6005334705e+02
gpu,1,50,50,4,0.254756,-182.411423,1.4758859024e+02
gpu,1,50,50,5,0.256247,-190.731049,1.3926894028e+02
gpu,1,50,50,6,0.240335,-170.905518,1.5909447900e+02
gpu,1,50,50,7,0.251887,-184.529877,1.4547009849e+02
gpu,1,50,50,8,0.236238,-186.226974,1.4377301473e+02
gpu,1,50,50,9,0.233187,-187.843719,1.4215626453e+02
gpu,1,50,100,0,0.150199,-154.151474,1.7584854279e+02
gpu,1,50,100,1,0.162333,-160.950027,1.6904997004e+02
gpu,1,50,100,2,0.148678,-153.275955,1.7672406272e+02
gpu,1,50,100,3,0.143315,-155.510437,1.7448957071e+02
gpu,1,50,100,4,0.154472,-176.494156,1.5350583124e+02
gpu,1,50,100,5,0.154289,-153.141586,1.7685841637e+02
gpu,1,50,100,6,0.146746,-155.812531,1.7418751884e+02
gpu,1,50,100,7,0.158529,-151.291382,1.7870862839e+02
gpu,1,50,100,8,0.152109,-151.544891,1.7845510311e+02
gpu,1,50,100,9,0.153599,-158.966125,1.7103388873e+02
gpu,1,50,500,0,0.041576,-99.729630,2.3027041201e+02
gpu,1,50,500,1,0.041556,-82.903091,2.4709693347e+02
gpu,1,50,500,2,0.040823,-99.551697,2.3044827971e+02
gpu,1,50,500,3,0.041099,-106.022202,2.2397778614e+02
gpu,1,50,500,4,0.041018,-87.186325,2.4281370392e+02
gpu,1,50,500,5,0.041302,-78.912613,2.5108741808e+02
gpu,1,50,500,6,0.041018,-85.742340,2.4425763198e+02
gpu,1,50,500,7,0.040944,-96.527344,2.3347268106e+02
gpu,1,50,500,8,0.041683,-94.214127,2.3578587369e+02
gpu,1,50,500,9,0.041329,-91.377869,2.3862209924e+02
gpu,1,100,50,0,0.903473,231.974976,5.6197510179e+02
gpu,1,100,50,1,0.888856,228.266174,5.5826623610e+02
gpu,1,100,50,2,0.878696,220.449707,5.5044974232e+02
gpu,1,100,50,3,0.893098,225.560486,5.5556057026e+02
gpu,1,100,50,4,0.890619,224.189941,5.5418993552e+02
gpu,1,100,50,5,0.901515,225.114441,5.5511454506e+02
gpu,1,100,50,6,0.914740,229.685608,5.5968573641e+02
gpu,1,100,50,7,0.913365,199.704712,5.2970458513e+02
gpu,1,100,50,8,0.875171,233.553833,5.6355383353e+02
gpu,1,100,50,9,0.880096,219.647034,5.4964705337e+02
gpu,1,100,100,0,0.588707,246.039246,5.7603926936e+02
gpu,1,100,100,1,0.573018,276.843079,6.0684299988e+02
gpu,1,100,100,2,0.579388,288.156677,6.1815680377e+02
gpu,1,100,100,3,0.584403,277.026001,6.0702607138e+02
gpu,1,100,100,4,0.581406,260.234009,5.9023414638e+02
gpu,1,100,100,5,0.613809,281.089417,6.1108968373e+02
gpu,1,100,100,6,0.647904,272.552063,6.0255193637e+02
gpu,1,100,100,7,0.631206,280.241211,6.1024129264e+02
gpu,1,100,100,8,0.635584,255.647339,5.8564740980e+02
gpu,1,100,100,9,0.680203,254.234009,5.8423395558e+02
gpu,1,100,500,0,0.158090,395.658508,7.2565836026e+02
gpu,1,100,500,1,0.157258,385.550171,7.1555010970e+02
gpu,1,100,500,2,0.157261,380.220032,7.1022004346e+02
gpu,1,100,500,3,0.149173,376.013550,7.0601356009e+02
gpu,1,100,500,4,0.161778,393.668823,7.2366886786e+02
gpu,1,100,500,5,0.168336,400.938049,7.3093804532e+02
gpu,1,100,500,6,0.166077,386.942810,7.1694276703e+02
gpu,1,100,500,7,0.163605,397.586670,7.2758661813e+02
gpu,1,100,500,8,0.159294,396.037720,7.2603766999e+02
gpu,1,100,500,9,0.151069,377.670837,7.0767085714e+02
gpu,2,10,50,0,0.014261,390.188019,1.8801460649e-01
gpu,2,10,50,1,0.015330,392.523987,2.5239754181e+00
gpu,2,10,50,2,0.014518,392.586365,2.5863650617e+00
gpu,2,10,50,3,0.014972,391.714752,1.7147647010e+00
gpu,2,10,50,4,0.014978,394.586700,4.5867011600e+00
gpu,2,10,50,5,0.015158,393.498199,3.4981980047e+00
gpu,2,10,50,6,0.014704,392.217896,2.2179001166e+00
gpu,2,10,50,7,0.015165,393.848572,3.8485870256e+00
gpu,2,10,50,8,0.015197,390.772369,7.7235720871e-01
gpu,2,10,50,9,0.016531,394.545135,4.5451323186e+00
gpu,2,10,100,0,0.007916,394.138031,4.1380369847e+00
gpu,2,10,100,1,0.008059,394.473083,4.4730734781e+00
gpu,2,10,100,2,0.008208,394.169556,4.1695407006e+00
gpu,2,10,100,3,0.007829,394.465179,4.4651821403e+00
gpu,2,10,100,4,0.008036,394.507782,4.5077817840e+00
gpu,2,10,100,5,0.007658,394.200378,4.2003780475e+00
gpu,2,10,100,6,0.008595,394.524261,4.5242498748e+00
gpu,2,10,100,7,0.007914,394.088989,4.0889901260e+00
gpu,2,10,100,8,0.007810,394.297272,4.2972681476e+00
gpu,2,10,100,9,0.008005,394.396729,4.3967388728e+00
gpu,2,10,500,0,0.001977,397.493073,7.4930766925e+00
gpu,2,10,500,1,0.001952,397.058014,7.0580078565e+00
gpu,2,10,500,2,0.001965,398.948151,8.9481504117e+00
gpu,2,10,500,3,0.001968,396.998260,6.9982639797e+00
gpu,2,10,500,4,0.001828,396.664459,6.6644599185e+00
gpu,2,10,500,5,0.002025,397.187134,7.1871210150e+00
gpu,2,10,500,6,0.001955,396.485535,6.4855460921e+00
gpu,2,10,500,7,0.001933,397.201721,7.2017081038e+00
gpu,2,10,500,8,0.001810,396.812683,6.8126750886e+00
gpu,2,10,500,9,0.001857,397.444550,7.4445631016e+00
gpu,2,50,50,0,0.670149,429.230927,3.9230923156e+01
gpu,2,50,50,1,0.668353,425.843262,3.5843280198e+01
gpu,2,50,50,2,0.644222,429.660645,3.9660653769e+01
gpu,2,50,50,3,0.656112,429.802185,3.9802199310e+01
gpu,2,50,50,4,0.657087,425.840332,3.5840333810e+01
gpu,2,50,50,5,0.645790,429.708160,3.9708160370e+01
gpu,2,50,50,6,0.673425,429.871796,3.9871780798e+01
gpu,2,50,50,7,0.674152,430.269836,4.0269840847e+01
gpu,2,50,50,8,0.653928,425.282013,3.5282005793e+01
gpu,2,50,50,9,0.692016,425.225281,3.5225301127e+01
gpu,2,50,100,0,0.368505,430.292297,4.0292305901e+01
gpu,2,50,100,1,0.340429,430.726746,4.0726745166e+01
gpu,2,50,100,2,0.337208,429.849884,3.9849891020e+01
gpu,2,50,100,3,0.346070,430.090515,4.0090529046e+01
gpu,2,50,100,4,0.341109,430.027405,4.0027413035e+01
gpu,2,50,100,5,0.363075,429.980865,3.9980870458e+01
gpu,2,50,100,6,0.339418,430.496979,4.0496975025e+01
gpu,2,50,100,7,0.338604,430.434570,4.0434574304e+01
gpu,2,50,100,8,0.337011,430.648804,4.0648789306e+01
gpu,2,50,100,9,0.339985,430.733734,4.0733732348e+01
gpu,2,50,500,0,0.078255,437.020935,4.7020932369e+01
gpu,2,50,500,1,0.078019,437.213715,4.7213706008e+01
gpu,2,50,500,2,0.077968,436.988434,4.6988433579e+01
gpu,2,50,500,3,0.078424,437.184296,4.7184282014e+01
gpu,2,50,500,4,0.077935,437.542999,4.7543004350e+01
gpu,2,50,500,5,0.078989,437.496033,4.7496051164e+01
gpu,2,50,500,6,0.078582,437.037506,4.7037520830e+01
gpu,2,50,500,7,0.078017,437.503998,4.7504011245e+01
gpu,2,50,500,8,0.077956,437.382202,4.7382196345e+01
gpu,2,50,500,9,0.078420,437.018250,4.7018248471e+01
gpu,2,100,50,0,1.245644,470.028351,8.0028357555e+01
gpu,2,100,50,1,1.188766,472.074036,8.2074021653e+01
gpu,2,100,50,2,1.227394,471.158966,8.1158937195e+01
gpu,2,100,50,3,1.277529,476.390961,8.6390975541e+01
gpu,2,100,50,4,1.310451,474.054779,8.4054768451e+01
gpu,2,100,50,5,1.169617,476.578186,8.6578175366e+01
gpu,2,100,50,6,1.217227,475.935730,8.5935696222e+01
gpu,2,100,50,7,1.189604,475.270325,8.5270329780e+01
gpu,2,100,50,8,1.301315,475.956055,8.5956046873e+01
gpu,2,100,50,9,1.300901,476.110870,8.6110862961e+01
gpu,2,100,100,0,0.741432,478.140289,8.8140279867e+01
gpu,2,100,100,1,0.738787,478.240753,8.8240736170e+01
gpu,2,100,100,2,0.736036,478.510040,8.8510031697e+01
gpu,2,100,100,3,0.755253,478.058685,8.8058696304e+01
gpu,2,100,100,4,0.751457,478.558014,8.8558026739e+01
gpu,2,100,100,5,0.739096,477.816895,8.7816888466e+01
gpu,2,100,100,6,0.789968,478.201141,8.8201172308e+01
gpu,2,100,100,7,0.732757,478.303833,8.8303833931e+01
gpu,2,100,100,8,0.732799,478.629944,8.8629947018e+01
gpu,2,100,100,9,0.734047,478.130493,8.8130475741e+01
gpu,2,100,500,0,0.176194,674.271179,2.8427113617e+02
gpu,2,100,500,1,0.172415,754.618774,3.6461889066e+02
gpu,2,100,500,2,0.172535,733.008545,3.4300866161e+02
gpu,2,100,500,3,0.174991,736.652161,3.4665216377e+02
gpu,2,100,500,4,0.172596,739.415161,3.4941518720e+02
gpu,2,100,500,5,0.174179,694.846497,3.0484650794e+02
gpu,2,100,500,6,0.173683,748.967957,3.5896794351e+02
gpu,2,100,500,7,0.172899,679.237305,2.8923733188e+02
gpu,2,100,500,8,0.172791,708.921875,3.1892186757e+02
gpu,2,100,500,9,0.172700,791.536865,4.0153688775e+02
gpu,3,10,50,0,0.012608,-180.000000,2.7447374809e-06
gpu,3,10,50,1,0.012085,-180.000000,3.9001851512e-06
gpu,3,10,50,2,0.011273,-180.000000,6.6057742327e-06
gpu,3,10,50,3,0.011292,-180.000000,3.5719058810e-06
gpu,3,10,50,4,0.011784,-180.000000,7.0433207631e-06
gpu,3,10,50,5,0.011660,-180.000000,5.8991569941e-06
gpu,3,10,50,6,0.011084,-180.000000,6.4572470815e-06
gpu,3,10,50,7,0.011742,-179.992599,7.4058709111e-03
gpu,3,10,50,8,0.011736,-180.000000,5.8239786606e-06
gpu,3,10,50,9,0.012420,-180.000000,7.7538395051e-06
gpu,3,10,100,0,0.006464,-180.000000,6.5270673608e-06
gpu,3,10,100,1,0.006647,-180.000000,7.5058921238e-06
gpu,3,10,100,2,0.006135,-180.000000,7.2574653875e-06
gpu,3,10,100,3,0.006166,-180.000000,5.8576114111e-06
gpu,3,10,100,4,0.006496,-180.000000,6.2829820650e-06
gpu,3,10,100,5,0.006629,-180.000000,7.6514832383e-06
gpu,3,10,100,6,0.006886,-180.000000,6.6466763220e-06
gpu,3,10,100,7,0.006184,-180.000000,3.6105254644e-06
gpu,3,10,100,8,0.006739,-180.000000,4.3623550131e-06
gpu,3,10,100,9,0.006187,-180.000000,6.6174300860e-06
gpu,3,10,500,0,0.001878,-179.999588,4.1121598820e-04
gpu,3,10,500,1,0.001791,-179.999359,6.4497747941e-04
gpu,3,10,500,2,0.001662,-179.999649,3.5383392921e-04
gpu,3,10,500,3,0.001668,-179.999527,4.7573952063e-04
gpu,3,10,500,4,0.001672,-179.999161,8.4083020679e-04
gpu,3,10,500,5,0.001672,-179.999680,3.1560790581e-04
gpu,3,10,500,6,0.001679,-179.999557,4.4758368919e-04
gpu,3,10,500,7,0.001799,-179.999313,6.7950565321e-04
gpu,3,10,500,8,0.001823,-179.999298,7.0656830613e-04
gpu,3,10,500,9,0.001672,-179.999374,6.2472175296e-04
gpu,3,50,50,0,0.289985,-180.000000,6.8788815485e-06
gpu,3,50,50,1,0.285973,-179.999985,2.0803898966e-05
gpu,3,50,50,2,0.279224,-179.999985,2.1891201620e-05
gpu,3,50,50,3,0.281526,-179.999985,2.1850676262e-05
gpu,3,50,50,4,0.278880,-179.999985,2.2668502734e-05
gpu,3,50,50,5,0.278160,-179.999985,2.1910701333e-05
gpu,3,50,50,6,0.278559,-179.999985,1.9366843255e-05
gpu,3,50,50,7,0.280179,-179.999985,2.1327255023e-05
gpu,3,50,50,8,0.278217,-179.999985,2.1612193522e-05
gpu,3,50,50,9,0.278214,-179.999985,2.1236511336e-05
gpu,3,50,100,0,0.172843,-179.999985,2.2743985933e-05
gpu,3,50,100,1,0.173060,-179.999985,1.9575802382e-05
gpu,3,50,100,2,0.172778,-179.999985,2.1223938038e-05
gpu,3,50,100,3,0.172465,-179.999985,1.7911737519e-05
gpu,3,50,100,4,0.173200,-179.999985,2.0872174633e-05
gpu,3,50,100,5,0.172852,-179.999985,2.1709482619e-05
gpu,3,50,100,6,0.174052,-179.999985,2.2577852654e-05
gpu,3,50,100,7,0.174446,-179.999985,2.0004560017e-05
gpu,3,50,100,8,0.172596,-179.999985,1.9951163997e-05
gpu,3,50,100,9,0.173289,-179.999985,1.8376207624e-05
gpu,3,50,500,0,0.040678,-179.999985,1.9416084582e-05
gpu,3,50,500,1,0.040592,-179.999985,2.2114706748e-05
gpu,3,50,500,2,0.041232,-179.999985,2.1051701359e-05
gpu,3,50,500,3,0.040240,-179.999985,2.2516831807e-05
gpu,3,50,500,4,0.041248,-179.999985,2.2375525995e-05
gpu,3,50,500,5,0.041411,-179.999985,2.1519443074e-05
gpu,3,50,500,6,0.040957,-179.999985,2.0585890025e-05
gpu,3,50,500,7,0.040360,-179.999985,1.9957727086e-05
gpu,3,50,500,8,0.041682,-179.999985,1.6369308604e-05
gpu,3,50,500,9,0.041566,-179.999985,2.0772068341e-05
gpu,3,100,50,0,1.025320,-179.999985,1.8324621050e-05
gpu,3,100,50,1,1.024894,-179.999985,2.0500530794e-05
gpu,3,100,50,2,1.028837,-179.999985,2.2761765096e-05
gpu,3,100,50,3,1.025891,-179.999985,2.1645024601e-05
gpu,3,100,50,4,1.037614,-179.999985,2.1344275255e-05
gpu,3,100,50,5,1.076261,-179.999985,2.2044189266e-05
gpu,3,100,50,6,1.024824,-179.999985,2.1409845278e-05
gpu,3,100,50,7,1.005165,-179.999985,2.2518377615e-05
gpu,3,100,50,8,1.005130,-179.999985,2.1081106727e-05
gpu,3,100,50,9,1.006163,-179.999985,2.0482858621e-05
gpu,3,100,100,0,0.668028,-179.999985,2.0462470152e-05
gpu,3,100,100,1,0.668748,-179.999985,2.2141817214e-05
gpu,3,100,100,2,0.667223,-179.999985,2.1333340242e-05
gpu,3,100,100,3,0.668630,-179.999985,2.1416482757e-05
gpu,3,100,100,4,0.668867,-179.999985,2.2512195531e-05
gpu,3,100,100,5,0.666270,-179.999969,3.7469852759e-05
gpu,3,100,100,6,0.668323,-179.999985,2.1784321262e-05
gpu,3,100,100,7,0.669225,-179.999985,2.1844632977e-05
gpu,3,100,100,8,0.666303,-179.999985,2.2816500431e-05
gpu,3,100,100,9,0.667796,-179.999985,2.1987023336e-05
gpu,3,100,500,0,0.159439,-179.999954,5.0670190320e-05
gpu,3,100,500,1,0.158795,-179.999954,5.2217097910e-05
gpu,3,100,500,2,0.158330,-179.999969,3.8298328637e-05
gpu,3,100,500,3,0.158257,-179.999954,4.7422541286e-05
gpu,3,100,500,4,0.157712,-179.999954,5.2931859234e-05
gpu,3,100,500,5,0.158203,-179.999969,3.7991554509e-05
gpu,3,100,500,6,0.158916,-179.999954,5.2498590279e-05
gpu,3,100,500,7,0.159285,-179.999969,3.8183208946e-05
gpu,3,100,500,8,0.157368,-179.999954,5.1160831798e-05
gpu,3,100,500,9,0.158202,-179.999954,5.0290169998e-05
gpu,4,10,50,0,0.007953,-450.000000,1.2630147198e-05
gpu,4,10,50,1,0.008641,-450.000000,1.2097844132e-05
gpu,4,10,50,2,0.007800,-450.000000,1.4724291088e-05
gpu,4,10,50,3,0.007797,-450.000000,5.4131466718e-06
gpu,4,10,50,4,0.007966,-450.000000,7.8713946954e-06
gpu,4,10,50,5,0.008537,-450.000000,1.4029520297e-05
gpu,4,10,50,6,0.007939,-450.000000,1.1226588844e-05
gpu,4,10,50,7,0.007787,-450.000000,1.3886563566e-05
gpu,4,10,50,8,0.008270,-450.000000,1.1503556194e-05
gpu,4,10,50,9,0.007828,-450.000000,1.5221689911e-05
gpu,4,10,100,0,0.004492,-450.000000,1.1847695172e-05
gpu,4,10,100,1,0.004967,-450.000000,6.2232650328e-06
gpu,4,10,100,2,0.004504,-450.000000,1.3561932139e-05
gpu,4,10,100,3,0.004487,-450.000000,1.0343035750e-05
gpu,4,10,100,4,0.004510,-450.000000,1.4087661644e-05
gpu,4,10,100,5,0.004870,-450.000000,6.9944072294e-06
gpu,4,10,100,6,0.005274,-450.000000,1.2457084593e-05
gpu,4,10,100,7,0.004990,-450.000000,1.2885294825e-05
gpu,4,10,100,8,0.005417,-450.000000,1.1970976655e-05
gpu,4,10,100,9,0.004491,-450.000000,1.1304722106e-05
gpu,4,10,500,0,0.001636,-450.000000,1.1536951221e-05
gpu,4,10,500,1,0.001407,-450.000000,1.4089027524e-05
gpu,4,10,500,2,0.001275,-450.000000,1.2982713065e-05
gpu,4,10,500,3,0.001267,-450.000000,4.0707863339e-06
gpu,4,10,500,4,0.001554,-450.000000,1.2371425068e-05
gpu,4,10,500,5,0.001298,-450.000000,1.4173884166e-05
gpu,4,10,500,6,0.001321,-450.000000,1.0178255026e-05
gpu,4,10,500,7,0.001330,-450.000000,1.3170387506e-05
gpu,4,10,500,8,0.001422,-450.000000,1.2555204584e-05
gpu,4,10,500,9,0.001492,-450.000000,1.2469211218e-05
gpu,4,50,50,0,0.410743,-450.000000,1.5231713935e-05
gpu,4,50,50,1,0.413802,-449.999969,4.5596546669e-05
gpu,4,50,50,2,0.410716,-449.999969,4.0135566982e-05
gpu,4,50,50,3,0.413096,-449.999969,3.7343148990e-05
gpu,4,50,50,4,0.410079,-449.999969,4.4526593706e-05
gpu,4,50,50,5,0.413363,-449.999969,4.0967404893e-05
gpu,4,50,50,6,0.410745,-449.999969,3.8488855586e-05
gpu,4,50,50,7,0.410408,-449.999969,3.7807585766e-05
gpu,4,50,50,8,0.412851,-449.999969,4.1802714677e-05
gpu,4,50,50,9,0.410388,-449.999969,4.3881733737e-05
gpu,4,50,100,0,0.220366,-449.999969,4.4669746706e-05
gpu,4,50,100,1,0.218879,-449.999969,4.3452218003e-05
gpu,4,50,100,2,0.219723,-449.999969,4.0780292530e-05
gpu,4,50,100,3,0.219805,-449.999969,4.2327428689e-05
gpu,4,50,100,4,0.221276,-449.999969,4.2516457956e-05
gpu,4,50,100,5,0.219977,-449.999969,3.2230423127e-05
gpu,4,50,100,6,0.219804,-449.999969,4.0660395482e-05
gpu,4,50,100,7,0.219374,-449.999969,4.5313211611e-05
gpu,4,50,100,8,0.221164,-449.999969,4.3950617083e-05
gpu,4,50,100,9,0.219118,-449.999969,4.4939028151e-05
gpu,4,50,500,0,0.052264,-449.999969,4.2091205725e-05
gpu,4,50,500,1,0.052180,-449.999969,4.2992095654e-05
gpu,4,50,500,2,0.053539,-449.999969,4.4835206669e-05
gpu,4,50,500,3,0.052074,-449.999969,4.0323934147e-05
gpu,4,50,500,4,0.052980,-449.999969,4.5701677037e-05
gpu,4,50,500,5,0.053625,-449.999969,3.0840085097e-05
gpu,4,50,500,6,0.051914,-449.999969,4.4296836321e-05
gpu,4,50,500,7,0.052469,-449.999969,4.4706189415e-05
gpu,4,50,500,8,0.054421,-449.999969,4.5770326080e-05
gpu,4,50,500,9,0.052332,-449.999969,4.3689311329e-05
gpu,4,100,50,0,0.637890,-449.999969,4.3353791703e-05
gpu,4,100,50,1,0.664161,-449.999969,4.5534340955e-05
gpu,4,100,50,2,0.666891,-449.999969,4.5717238873e-05
gpu,4,100,50,3,0.653562,-449.999969,4.5651968061e-05
gpu,4,100,50,4,0.649501,-449.999969,4.2496391120e-05
gpu,4,100,50,5,0.649917,-449.999969,4.5582162945e-05
gpu,4,100,50,6,0.650505,-449.999969,3.6001741047e-05
gpu,4,100,50,7,0.651889,-449.999969,4.5154481774e-05
gpu,4,100,50,8,0.648317,-449.999969,4.4871268566e-05
gpu,4,100,50,9,0.651816,-449.999969,4.4979453629e-05
gpu,4,100,100,0,0.452515,-449.999969,4.5020720720e-05
gpu,4,100,100,1,0.451817,-449.999969,4.5151278644e-05
gpu,4,100,100,2,0.453525,-449.999969,4.4614639797e-05
gpu,4,100,100,3,0.451752,-449.999969,4.5005214591e-05
gpu,4,100,100,4,0.452555,-449.999969,4.5318194696e-05
gpu,4,100,100,5,0.453773,-449.999969,4.4117527188e-05
gpu,4,100,100,6,0.454564,-449.999969,4.5007542124e-05
gpu,4,100,100,7,0.451303,-449.999969,4.4551325816e-05
gpu,4,100,100,8,0.454545,-449.999939,7.6213978614e-05
gpu,4,100,100,9,0.453489,-449.999969,4.5468384868e-05
gpu,4,100,500,0,0.115154,-449.999512,5.0058298547e-04
gpu,4,100,500,1,0.115669,-449.999512,4.8228205002e-04
gpu,4,100,500,2,0.113314,-449.999512,4.8291614011e-04
gpu,4,100,500,3,0.114318,-449.999512,4.9008737832e-04
gpu,4,100,500,4,0.113368,-449.999481,5.2197865735e-04
gpu,4,100,500,5,0.113705,-449.999512,4.8612781830e-04
gpu,4,100,500,6,0.113941,-449.999451,5.5349890464e-04
gpu,4,100,500,7,0.114009,-449.999512,4.8411603160e-04
gpu,4,100,500,8,0.114251,-449.999481,5.3112334581e-04
gpu,4,100,500,9,0.113270,-449.999512,4.9367854392e-04
