func,dim,pop,impl,efv_mean,efv_std,time_mean,time_std,sr_1e-8,sr_1e-4
Rastrigin,10,50,cpu,9.586334e-01,1.301106e+00,0.02271,0.00313,0.00,0.50
Rastrigin,10,50,gpu,5.037454e-01,6.989606e-01,0.01566,0.00180,0.00,0.50
Rastrigin,10,50,pso,2.348090e+01,8.385264e+00,0.12000,0.00485,0.00,0.00
Rastrigin,10,100,cpu,1.850515e+01,3.911650e+00,0.02521,0.00458,0.00,0.00
Rastrigin,10,100,gpu,1.753812e+01,3.686635e+00,0.00561,0.00019,0.00,0.00
Rastrigin,10,100,pso,2.745562e+01,1.042824e+01,0.06678,0.00175,0.00,0.00
Rastrigin,10,500,cpu,2.821941e+01,4.574177e+00,0.02134,0.00047,0.00,0.00
Rastrigin,10,500,gpu,2.522943e+01,3.669473e+00,0.00165,0.00011,0.00,0.00
Rastrigin,10,500,pso,1.661950e+01,8.362250e+00,0.02576,0.00082,0.00,0.00
Rastrigin,50,50,cpu,3.004953e+01,5.506159e+00,0.39528,0.00840,0.00,0.00
Rastrigin,50,50,gpu,3.353210e+01,4.715116e+00,0.22635,0.01118,0.00,0.00
Rastrigin,50,50,pso,3.820633e+02,5.746698e+01,2.66754,0.08646,0.00,0.00
Rastrigin,50,100,cpu,1.732552e+02,3.810196e+01,0.46137,0.00731,0.00,0.00
Rastrigin,50,100,gpu,2.429182e+02,2.718779e+01,0.15152,0.00320,0.00,0.00
Rastrigin,50,100,pso,3.314036e+02,3.182104e+01,1.78900,0.04267,0.00,0.00
Rastrigin,50,500,cpu,4.202966e+02,1.401535e+01,0.47969,0.00893,0.00,0.00
Rastrigin,50,500,gpu,4.213252e+02,1.331321e+01,0.03512,0.00043,0.00,0.00
Rastrigin,50,500,pso,3.252313e+02,6.673506e+01,1.19202,0.01672,0.00,0.00
Rastrigin,100,50,cpu,9.970069e+01,1.321537e+01,1.57777,0.02697,0.00,0.00
Rastrigin,100,50,gpu,9.542215e+01,1.225347e+01,0.79253,0.02453,0.00,0.00
Rastrigin,100,50,pso,8.955833e+02,9.092365e+01,10.57850,0.31964,0.00,0.00
Rastrigin,100,100,cpu,1.247748e+02,1.058968e+02,1.85467,0.08260,0.00,0.00
Rastrigin,100,100,gpu,1.276176e+02,7.692141e+01,0.58339,0.00954,0.00,0.00
Rastrigin,100,100,pso,8.638598e+02,1.384690e+02,7.21264,0.13894,0.00,0.00
Rastrigin,100,500,cpu,8.935265e+02,2.412595e+01,1.89017,0.01345,0.00,0.00
Rastrigin,100,500,gpu,9.054732e+02,2.419613e+01,0.14356,0.00502,0.00,0.00
Rastrigin,100,500,pso,8.312756e+02,1.589014e+02,5.21234,0.08135,0.00,0.00
Rosenbrock,10,50,cpu,3.549438e+00,1.278535e+00,0.01493,0.00043,0.00,0.00
Rosenbrock,10,50,gpu,3.139487e+00,1.796974e+00,0.01369,0.00042,0.00,0.00
Rosenbrock,10,50,pso,1.913381e+02,1.043201e+02,0.24946,0.02634,0.00,0.00
Rosenbrock,10,100,cpu,1.073749e-05,3.217217e-06,0.01484,0.00039,0.00,1.00
Rosenbrock,10,100,gpu,1.010484e-05,2.278725e-06,0.00768,0.00011,0.00,1.00
Rosenbrock,10,100,pso,3.108601e+02,4.597841e+02,0.11552,0.00152,0.00,0.00
Rosenbrock,10,500,cpu,3.374006e+00,3.445680e-01,0.01494,0.00021,0.00,0.00
Rosenbrock,10,500,gpu,3.119902e+00,3.630879e-01,0.00187,0.00008,0.00,0.00
Rosenbrock,10,500,pso,3.708125e+01,3.650866e+01,0.03899,0.00081,0.00,0.00
Rosenbrock,50,50,cpu,5.651748e+01,3.112975e+01,0.30807,0.00237,0.00,0.00
Rosenbrock,50,50,gpu,4.691135e+01,1.784097e+01,0.65603,0.01531,0.00,0.00
Rosenbrock,50,50,pso,4.495895e+04,1.931962e+04,6.63559,0.16791,0.00,0.00
Rosenbrock,50,100,cpu,2.037181e+01,1.960954e+00,0.30779,0.00157,0.00,0.00
Rosenbrock,50,100,gpu,2.066880e+01,2.835996e+00,0.34944,0.00465,0.00,0.00
Rosenbrock,50,100,pso,2.485356e+04,1.483018e+04,4.19649,0.10770,0.00,0.00
Rosenbrock,50,500,cpu,1.753493e+02,2.213503e+01,0.30746,0.00318,0.00,0.00
Rosenbrock,50,500,gpu,1.641747e+02,2.189531e+01,0.08206,0.00156,0.00,0.00
Rosenbrock,50,500,pso,2.776069e+04,3.892904e+04,2.70389,0.08133,0.00,0.00
Rosenbrock,100,50,cpu,1.372432e+02,5.950475e+01,1.21411,0.01118,0.00,0.00
Rosenbrock,100,50,gpu,1.224591e+02,6.708437e+01,1.18910,0.01348,0.00,0.00
Rosenbrock,100,50,pso,1.211336e+05,4.100430e+04,25.71742,0.44621,0.00,0.00
Rosenbrock,100,100,cpu,9.985240e+01,2.527124e+01,1.21476,0.00652,0.00,0.00
Rosenbrock,100,100,gpu,1.108867e+02,3.853700e+01,0.70535,0.01448,0.00,0.00
Rosenbrock,100,100,pso,1.557637e+05,7.246288e+04,16.46531,0.03411,0.00,0.00
Rosenbrock,100,500,cpu,2.074862e+02,2.960830e+01,1.24507,0.00685,0.00,0.00
Rosenbrock,100,500,gpu,2.118726e+02,2.242991e+01,0.16581,0.00343,0.00,0.00
Rosenbrock,100,500,pso,1.395790e+05,1.449846e+05,11.63725,0.16978,0.00,0.00
Griewank,10,50,cpu,7.708635e-03,1.094179e-02,0.04141,0.00105,0.00,0.50
Griewank,10,50,gpu,1.017562e-02,1.020014e-02,0.01156,0.00026,0.00,0.20
Griewank,10,50,pso,1.344917e-01,8.545833e-02,0.26203,0.00480,0.00,0.00
Griewank,10,100,cpu,2.870928e-03,9.062150e-03,0.04078,0.00058,0.00,0.90
Griewank,10,100,gpu,5.489708e-03,1.157584e-02,0.00634,0.00012,0.00,0.80
Griewank,10,100,pso,1.730757e-01,1.911949e-01,0.15873,0.00358,0.00,0.00
Griewank,10,500,cpu,3.240730e-02,1.829483e-02,0.04556,0.00071,0.00,0.00
Griewank,10,500,gpu,3.302489e-02,6.958020e-03,0.00169,0.00007,0.00,0.00
Griewank,10,500,pso,3.237986e-02,4.074349e-02,0.08406,0.00176,0.00,0.20
Griewank,50,50,cpu,6.681668e-06,9.310718e-07,0.89023,0.01137,0.00,1.00
Griewank,50,50,gpu,6.156306e-06,8.554559e-07,0.26459,0.00704,0.00,1.00
Griewank,50,50,pso,8.391650e-01,9.489270e-02,6.59324,0.05643,0.00,0.00
Griewank,50,100,cpu,6.975449e-06,6.545467e-07,0.91451,0.03853,0.00,1.00
Griewank,50,100,gpu,6.621890e-06,9.068578e-07,0.16803,0.00328,0.00,1.00
Griewank,50,100,pso,6.175506e-01,1.589706e-01,4.71944,0.13389,0.00,0.00
Griewank,50,500,cpu,5.477605e-03,1.085824e-03,0.90524,0.00681,0.00,0.00
Griewank,50,500,gpu,6.110034e-03,9.030015e-04,0.04101,0.00051,0.00,0.00
Griewank,50,500,pso,7.008189e-01,2.369697e-01,3.45541,0.08027,0.00,0.00
Griewank,100,50,cpu,8.533776e-06,3.549341e-06,3.71785,0.13876,0.00,1.00
Griewank,100,50,gpu,7.541028e-04,2.337267e-03,0.99870,0.03135,0.00,0.90
Griewank,100,50,pso,8.715297e-01,9.018057e-02,26.59140,0.08897,0.00,0.00
Griewank,100,100,cpu,1.158282e-05,6.832011e-06,3.69666,0.10122,0.00,1.00
Griewank,100,100,gpu,1.755745e-05,7.075222e-06,0.63244,0.00200,0.00,1.00
Griewank,100,100,pso,8.837544e-01,1.098717e-01,18.81356,0.11622,0.00,0.00
Griewank,100,500,cpu,3.182782e-03,4.757736e-04,3.73001,0.03034,0.00,0.00
Griewank,100,500,gpu,3.473734e-03,7.418729e-04,0.15265,0.00521,0.00,0.00
Griewank,100,500,pso,8.810469e-01,1.538715e-01,15.12350,0.37718,0.00,0.00
Sphere,10,50,cpu,1.205719e-05,1.844548e-06,0.01520,0.00024,0.00,1.00
Sphere,10,50,gpu,1.139463e-05,2.904740e-06,0.00794,0.00044,0.00,1.00
Sphere,10,50,pso,7.914645e-01,7.450627e-01,0.10702,0.00055,0.00,0.00
Sphere,10,100,cpu,1.142356e-05,2.498197e-06,0.01587,0.00068,0.00,1.00
Sphere,10,100,gpu,9.907987e-06,2.699426e-06,0.00456,0.00022,0.00,1.00
Sphere,10,100,pso,1.120228e+00,2.413215e+00,0.05573,0.00053,0.00,0.00
Sphere,10,500,cpu,1.002288e-05,3.593687e-06,0.01497,0.00013,0.00,1.00
Sphere,10,500,gpu,1.112107e-05,2.945990e-06,0.00125,0.00001,0.00,1.00
Sphere,10,500,pso,3.929059e-01,9.138156e-01,0.01805,0.00048,0.00,0.20
Sphere,50,50,cpu,1.362597e-05,1.965967e-06,0.31958,0.00976,0.00,1.00
Sphere,50,50,gpu,1.268667e-05,1.634608e-06,0.40755,0.01724,0.00,1.00
Sphere,50,50,pso,4.596039e+01,1.325572e+01,2.37026,0.03791,0.00,0.00
Sphere,50,100,cpu,1.278418e-05,2.264844e-06,0.31300,0.00731,0.00,1.00
Sphere,50,100,gpu,1.413920e-05,9.117191e-07,0.21890,0.00440,0.00,1.00
Sphere,50,100,pso,3.393235e+01,7.374674e+00,1.57797,0.00431,0.00,0.00
Sphere,50,500,cpu,1.741956e-01,1.945934e-02,0.31631,0.00626,0.00,0.00
Sphere,50,500,gpu,2.082729e-01,5.012397e-02,0.05162,0.00142,0.00,0.00
Sphere,50,500,pso,3.710147e+01,3.243284e+01,1.01821,0.01521,0.00,0.00
Sphere,100,50,cpu,3.257350e-05,1.365060e-05,1.26978,0.03770,0.00,1.00
Sphere,100,50,gpu,2.508897e-05,1.466726e-05,0.62652,0.00906,0.00,1.00
Sphere,100,50,pso,1.219294e+02,3.771090e+01,9.29935,0.15904,0.00,0.00
Sphere,100,100,cpu,2.992376e-05,1.381549e-05,1.21630,0.01189,0.00,1.00
Sphere,100,100,gpu,3.656267e-05,1.223980e-05,0.43476,0.01517,0.00,1.00
Sphere,100,100,pso,1.140658e+02,3.984294e+01,6.31403,0.07433,0.00,0.00
Sphere,100,500,cpu,1.733870e-01,2.735886e-02,1.31680,0.05926,0.00,0.00
Sphere,100,500,gpu,1.840660e-01,3.987880e-02,0.11020,0.00285,0.00,0.00
Sphere,100,500,pso,1.333034e+02,9.623423e+01,4.54027,0.07994,0.00,0.00
